{"mse": 0.013324978899440912, "r2": -0.016377675389457114}