{"mse": 0.0065304986994552386, "r2": 0.6158353577320625}