{"mse": 0.011097061982057574, "r2": 0.34721584128236316}