{"mse": 0.005628806722363911, "r2": 0.4324339726197698}