{"mse": 0.0159033429895307, "r2": 0.06207979357531812}