{"mse": 0.00660563539306726, "r2": 0.33417843879661424}