{"mse": 0.017268946002678573, "r2": -0.018458409042143797}