{"mse": 0.007617309807287353, "r2": 0.5519121022950522}