{"mse": 0.00969831677567849, "r2": 0.42948455145692654}