{"mse": 0.007891940074992443, "r2": 0.5345667768955954}