{"mse": 0.005568375628281648, "r2": 0.4384939979061929}