{"mse": 0.006636598254566483, "r2": 0.6096024141021472}