{"mse": 0.007416242309883809, "r2": 0.5637398885460665}