{"mse": 0.006335527944268845, "r2": 0.36140418659377127}