{"mse": 0.0060306854926279515, "r2": 0.6452452043467941}