{"mse": 0.01707072203877147, "r2": -0.00676789458436855}