{"mse": 0.011644209306176233, "r2": 0.11135894870577634}