{"mse": 0.017009307115524563, "r2": -0.0005717057118632685}