{"mse": 0.008606124503524876, "r2": 0.49244720207569337}