{"mse": 0.0170265201115869, "r2": -0.0016060501292587404}