{"mse": 0.004966753555514467, "r2": 0.49918362934174476}