{"mse": 0.018151077863564027, "r2": 0.5015721169693562}