{"mse": 0.011420222876450644, "r2": 0.12301489608822669}