{"mse": 0.008089299341338495, "r2": 0.5229273626866562}