{"mse": 0.007423676965138903, "r2": 0.5633025452939606}