{"mse": 0.00681997806211895, "r2": 0.5977865593516442}