{"mse": 0.01586884640418534, "r2": 0.06411427427974414}