{"mse": 0.009084636419753954, "r2": 0.46558505545370044}