{"mse": 0.007533278972796761, "r2": 0.5568455710847234}