{"mse": 0.01574090934212052, "r2": 0.07165952786197516}