{"mse": 0.02469439901232987, "r2": 0.3218746566737971}