{"mse": 0.01264485753771152, "r2": 0.029490999913222682}