{"mse": 0.015737742847744183, "r2": 0.07420786230111798}