{"mse": 0.005219927400520701, "r2": 0.4736551619466106}