{"mse": 0.008580006967076137, "r2": 0.34555036808440387}