{"mse": 0.03164147139105713, "r2": 0.2873084944028024}