{"mse": 0.010705038013383492, "r2": 0.3686565478776107}