{"mse": 0.012981168476719127, "r2": 0.003678704902298491}