{"mse": 0.006768770442369403, "r2": 0.6018273912573346}