{"mse": 0.01825733591760003, "r2": -0.0767499816782542}