{"mse": 0.010969662589008174, "r2": 0.3550781555060777}