{"mse": 0.006737742638239321, "r2": 0.6036526004026614}