{"mse": 0.0045596002035991744, "r2": 0.540238427355865}