{"mse": 0.007330730677425158, "r2": 0.5676645318537097}