{"mse": 0.007172577699856738, "r2": 0.5769917250905767}