{"mse": 0.008312832779012746, "r2": 0.5097443066345695}