{"mse": 0.012587960732198637, "r2": 0.2594976809395384}