{"mse": 0.01669149313183964, "r2": -0.2731623153887375}