{"mse": 0.0074733656229845095, "r2": 0.5592486037425521}