{"mse": 0.006704920671223788, "r2": 0.6055747700691752}