{"mse": 0.008573779605873962, "r2": 0.4943547672398474}