{"mse": 0.0060516597658965806, "r2": 0.6440036487126377}