{"mse": 0.006847472991944597, "r2": 0.5971977174124516}