{"mse": 0.010434262120411004, "r2": 0.3846259061187537}