{"mse": 0.014537794641683595, "r2": 0.14261477223601782}