{"mse": 0.0023448415791081567, "r2": 0.6902698604768378}