{"mse": 0.00865297177458019, "r2": 0.4907707140717398}