{"mse": 0.012183117436223618, "r2": 0.06438522194709506}