{"mse": 0.011231538829869995, "r2": 0.33930524691890307}