{"mse": 0.0032587253215928297, "r2": 0.5807195821031637}