{"mse": 0.006440295722171667, "r2": 0.35057098431155786}