{"mse": 0.004357751373917279, "r2": 0.5605916011489691}