{"mse": 0.01696803382599839, "r2": -0.0007117245209478096}