{"mse": 0.011792591580286033, "r2": 0.3062862524985446}