{"mse": 0.0039896754662477425, "r2": 0.3057226891608983}