{"mse": 0.008320472337114214, "r2": 0.5105379503169658}