{"mse": 0.01856621325816806, "r2": -0.09215663766692583}