{"mse": 0.009286301081979118, "r2": 0.4537218829170796}