{"mse": 0.008552664041720394, "r2": 0.4956000738423145}