{"mse": 0.013545352017537064, "r2": 0.2031779575050695}