{"mse": 0.007051108670832023, "r2": 0.5841554543066009}