{"mse": 0.011093451708061341, "r2": 0.34574934824478865}