{"mse": 0.04387100151852768, "r2": 0.011818368944365498}