{"mse": 0.006086991961043387, "r2": 0.44274918845433686}