{"mse": 0.009111907483990283, "r2": 0.4626182626067641}