{"mse": 0.013567710374047722, "r2": -0.041515287649221744}