{"mse": 0.015842372357207254, "r2": 0.06567561541556266}