num_layers,num_nodes,mse,r2
1,16,3.390362629260545,-2.483607249227257

