num_hidden_units,mse,r2
10,0.008606124503524876,0.49244720207569337
20,0.007891940074992443,0.5345667768955954
30,0.008552664041720394,0.4956000738423145
40,
50,0.007330730677425158,0.5676645318537097
60,
70,
80,
