model_num,nn,mse,r2
1,dnn,0.774940829969018,0.016666228413631745
2,dnn,0.3375088337692605,0.5717300965193538
3,dnn,0.699142207299879,0.11007583229668261
4,dnn,
5,dnn,
6,dnn,
1,lstm,
2,lstm,
3,lstm,
4,lstm,
5,lstm,
6,lstm,
1,cnn,
2,cnn,
3,cnn,
4,cnn,
5,cnn,
6,cnn,
